Country Name,Country Code,GDP_2011,GDP_2012,GDP_2013,GDP_2014,GDP_2015,GDP_2016,GDP_2017,GDP_2018,GDP_2019,GDP_2020,GDP_2021
Aruba,ABW,25712.3843015186,25119.6655449838,25813.5767274227,26129.8390617693,27458.2253310273,27441.5296617282,28440.051963759,30082.1276448186,31096.2050738676,22855.9323200761,27200.0610793969
Africa Eastern and Southern,AFE,1735.58514005394,1702.96925758003,1673.14047580686,1656.10764215035,1479.56412348117,1329.77782375583,1520.17129839287,1538.92418773564,1493.78044490037,1344.08096192004,1522.59008804972
Afghanistan,AFG,606.694676337726,651.417134470046,637.087099117099,625.054941813938,565.569730408751,522.082215583898,525.469770891619,491.337221382603,496.6025042585,510.787063366811,356.496214115892
Africa Western and Central,AFW,1824.72282666403,1920.11991168727,2113.31698591778,2204.99569969979,1845.76780421108,1616.84319800249,1560.16299864482,1703.89639222804,1783.65436491191,1664.24917643553,1747.84054911545
Angola,AGO,4615.91059831778,5086.02740086376,5057.74787833163,5005.9997412707,3213.90261080059,1807.95294072643,2437.25971190821,2538.59139143371,2189.85571407618,1449.92286669308,1925.87466082167
Albania,ALB,4437.14116097061,4247.63134315945,4413.06338346821,4578.63320812155,3952.80357364813,4124.05538986272,4531.03220675893,5365.48934672897,5460.42823730592,5370.77862312929,6413.28328605026
Andorra,AND,46657.1561173756,41500.5435791686,42470.3161159692,44369.659691379,38654.9347203095,40129.8192007698,40672.9943348258,42819.7745797624,41257.8045846483,37361.0900666982,42425.6996756291
Arab World,ARB,6883.37402358513,7336.19770815465,7311.29675508093,7259.93672933779,6203.70263640435,5957.05983659325,6005.39012863954,6576.51663083912,6525.21184312384,5648.34111789395,6445.80726093411
United Arab Emirates,ARE,50789.0505418347,52034.4762466073,52023.5170958751,51381.4069909213,43534.9972681733,41326.4018161834,42340.5917145576,45689.8570040215,44251.4541390148,37173.8754100281,43360.0211014806
Argentina,ARG,12704.2831819684,12949.717486654,12963.675773326,12233.1444119186,13679.6264980954,12699.9623137756,14532.5009308511,11752.7998922979,9955.97478680428,8535.59938004389,10738.0179223384
Armenia,ARM,3349.55309771906,3511.56399687426,3680.16692158886,3852.11800610384,3512.39350276709,3524.42476874707,3869.05373867752,4196.00562301769,4597.22887399548,4268.68093304583,4685.17997128509
American Samoa,ASM,10383.459331451,11745.4899153958,11813.5022034589,12026.3344929488,12727.4102651386,12843.3342903627,11863.6839452565,12552.0546868861,12886.1359517218,14489.2586563775,15236.1604875571
Antigua and Barbuda,ATG,14841.9709613705,15208.6569723517,15050.7122765935,15533.4831254394,16080.6580495873,16557.843174789,16924.7894487758,18273.4270684912,18884.3729680383,15360.4544160475,17340.3790692554
Australia,AUS,62605.600458306,68072.8732340801,68190.7010035651,62544.0873773726,56739.0265346593,49888.0410842736,53901.7145392154,57196.4220783778,54972.7017885437,51791.540179984,60607.7788605166
Austria,AUT,51116.8953522042,48250.4059142637,50305.3545774973,51314.9722616322,43915.228020857,45061.4993920192,47163.7425775142,51194.0749841299,49885.9947355204,48716.4098900349,53648.7190742245
Azerbaijan,AZE,7189.81869211976,7495.86527658099,7875.34536661549,7890.84028062087,5500.50364628486,3880.6852276838,4147.1981423222,4739.7943123408,4805.75371765917,4229.91064904503,5408.04535175023
Burundi,BDI,230.070577369084,231.688496393569,234.843045388828,250.540481111877,280.966831311923,235.286205393908,236.694472592753,224.89939239264,210.236494521532,210.008139902508,214.091455416133
Belgium,BEL,47760.8298776546,44874.1709182123,46964.5946777056,47995.7786961339,40893.804537772,41854.5498296444,44035.3239358548,47487.2100392561,46716.6227467964,45906.2875805246,51655.7883303715
Benin,BEN,1059.41358915783,1071.52583567484,1168.92699314206,1204.39918700511,1002.41886882564,1010.53389609187,1054.97408141687,1151.74096952152,1130.82135304977,1197.50136428063,1318.83497843483
Burkina Faso,BFA,725.024767725475,731.470138867833,759.762065168498,764.861675106225,630.124750752312,663.742364842886,709.091535894695,777.465618514048,764.853077774946,825.237038782475,895.535288442991
Bangladesh,BGD,837.336944695647,859.680536375497,958.262989798283,1094.46199702838,1224.38647668165,1649.28380858601,1811.08221668646,1965.24372731467,2129.79896954606,2248.85078828233,2482.84917843357
Bulgaria,BGR,7857.16706984441,7430.7373804242,7687.71368243317,7912.27484371138,7078.86032298969,7570.93165511708,8381.88134621669,9436.14479876055,9838.60058985384,10198.5388313404,12274.0775950496
Bahrain,BHR,25032.7867743333,26438.6733230428,26989.7601148469,26451.7965647453,23734.0551143019,23800.001440631,24784.7693514607,26324.4066549559,27259.7438599327,24342.8444554718,27147.8083882286
"Bahamas, The",BHS,27090.8376801379,28552.0242683151,27432.9534269421,28705.6170840548,30289.4022514831,30266.5859220987,31337.1832464755,32124.4051059669,32979.5401279534,25155.6725432789,28682.3270000732
Bosnia and Herzegovina,BIH,4982.69375768263,4693.78899115381,5034.56616016469,5206.06558252,4662.25883724069,4928.5665251728,5345.01985489192,6047.84584261133,6122.3753450882,6130.31133245161,7295.3438240957
Belarus,BLR,6527.6593428786,6953.21591683101,7998.0802045456,8341.29014337961,5967.06856034227,5039.77560949445,5785.53397723676,6360.05310087258,6837.76832136779,6542.8645398436,7489.71894713888
Belize,BLZ,5582.22170621269,5709.68918765363,5950.20299917747,6128.14288539305,6154.49593498217,6142.49873185177,6072.58267640581,6031.28139580144,6190.04792278445,5227.19363786168,6122.61158580079
Bermuda,BMU,99049.0169927667,100213.493385287,101704.40746217,100961.576602811,104855.366822135,108747.356144305,112339.425587467,113204.82210838,115798.040775578,106973.175732348,112712.025120653
Bolivia,BOL,2315.52121930607,2575.59857098084,2870.02377000756,3041.43503118107,2996.01289804214,3035.8734778704,3306.30301176558,3500.72642189371,3503.8960106182,3099.94219044572,3384.84486479247
Brazil,BRA,13396.6243566047,12521.7213530369,12458.891214816,12274.9939689363,8936.19661756825,8836.28652636996,10080.5092817775,9300.66164936497,9029.83326742175,7074.19378281866,7972.53665048385
Barbados,BRB,19345.9953139542,19034.0708028512,19308.0091116993,19277.9423599235,18954.2913724506,19065.8069800213,19692.7606711615,20055.915870771,20583.7265786414,18347.1109131055,18696.7858952957
Brunei Darussalam,BRN,46382.8274456238,46968.5971144517,44003.0644293856,41026.508391054,30625.128732694,26663.2973199878,28024.3824618568,30988.1190497851,30426.5730284202,26834.3592463839,31006.9636220576
Bhutan,BTN,2787.97967689425,2751.21288653263,2679.95217216983,2849.49998659935,2954.04081973327,3152.30905081592,3435.28804814561,3400.20417159422,3576.87987077877,3191.66907031782,3570.61257915864
Botswana,BWA,7287.38295334919,6595.53845015424,6666.91219583487,7122.36423421503,6141.20394726616,6749.05994339013,7104.96401088027,7407.95940141786,7172.08956480028,6323.31419156209,7808.20623956293
Central African Republic,CAF,534.057281471636,544.395849142785,364.36696260838,409.8504859647,366.322853938121,387.176203444318,432.324025684263,455.243962859534,449.228467602439,462.879071294011,492.263142830507
Canada,CAN,52223.8588398531,52670.3447335415,52638.1187235237,50960.8431174661,43594.1941045394,42314.0615817218,45129.628116623,46539.1761570405,46352.8693445211,43537.839298904,52496.8441693242
Central Europe and the Baltics,CEB,14000.1792695253,13107.500121516,13697.2993030016,14183.715484494,12568.2965059245,12836.5666338962,14294.4470174706,16181.6073703684,16475.161477584,16450.8775088615,19144.0685537317
Switzerland,CHE,90476.7589651577,85836.2076767359,87304.3305813557,88724.9909402638,83806.4476003837,82153.0745447889,82254.3769269767,85217.3691512274,84121.9310304414,85897.7843338323,93446.4344518943
Channel Islands,CHI,60419.2325098421,58813.9366544241,59304.8512474695,64700.7425701916,61852.0736534587,55950.1485360363,55806.5709126142,60783.3533081111,60568.1085272721,56785.9402392525,66912.1750054447
Chile,CHL,14487.3927827263,15241.9069977366,15683.54863663,14529.6767210362,13433.9202985339,13649.8520455553,14879.9086230423,15659.4808675628,14495.716721687,13114.815470545,16216.5706467899
China,CHN,5614.38602225277,6300.58217951734,7020.3860742288,7636.07434020616,8016.44559489998,8094.39016735149,8817.04560829162,9905.40638304527,10143.8602206165,10408.7195541075,12617.5051041181
Cote d'Ivoire,CIV,1596.62826565998,1546.9460184731,1786.15862031324,1991.36539423404,1814.71855088017,1862.59597081287,1964.29930338343,2130.86619381144,2141.76836170115,2179.72934832935,2455.98127641148
Cameroon,CMR,1513.96056994878,1449.09874362279,1575.92882118897,1649.4433905949,1415.00009710569,1441.7201725688,1496.08951771242,1610.69641591017,1555.22660476477,1555.60370660749,1672.32657340872
"Congo, Dem. Rep.",COD,364.714191777632,400.059901824342,431.191528160935,458.004541775676,467.9145805459,442.310472110228,436.584534687385,528.256019777898,557.044161335917,507.521230077872,558.034077296358
"Congo, Rep.",COG,3396.16505817952,3732.32737320389,3697.41705884249,3601.2365808718,2439.35189403696,2093.10728558843,2211.63309874797,2694.43413191427,2488.42466724916,1993.586671931,2516.16255145432
Colombia,COL,7400.9940695669,8108.59838244229,8279.10255642981,8187.20824890084,6248.51490534512,5959.84250367574,6479.53231292429,6816.96818309544,6472.54544924705,5339.68711357943,6222.62164397614
Comoros,COM,1531.43789372951,1490.31511351281,1603.32797107303,1615.71723662012,1329.37048235986,1365.48403444497,1423.9248027797,1540.71132257526,1519.26386436068,1527.16991011916,1584.12450153608
Cabo Verde,CPV,4002.01386888785,3736.81517011087,3960.97596791345,3985.60706548134,3415.06266730931,3608.96606551232,3893.09572292025,4294.96510456428,4380.7811916403,3539.22662027109,3971.4440744985
Costa Rica,CRI,9276.39107511347,10126.9991024177,10803.2401962173,10911.497878334,11714.7105980732,12091.0301606154,12317.0902771304,12590.2493781614,12884.6859951989,12394.0493969492,12838.1185358931
Caribbean small states,CSS,10801.1389108724,11305.6061869965,11336.2160431807,11603.9405523069,11835.2872155303,11358.7030845165,11775.3905011905,12047.8528111635,12356.3216439351,10270.790474345,11920.3427576157
Cuba,CUB,6104.46105236166,6470.83673392653,6828.36428245396,7146.70459051328,7727.91997207998,8110.55873961397,8610.60829531998,8911.46205964193,9232.26115935183,9605.26125067263,
Curacao,CUW,19426.326382752,19809.8223198624,19721.2921646576,19623.029993395,19361.8130008678,18944.0961493998,18938.2440469703,19119.1243941688,19220.6866958303,16356.0933594414,17980.0888397547
Cayman Islands,CYM,75280.960764889,75101.59136128,75113.7332398618,75845.3060407986,76379.2095108681,77802.2541567187,80053.9444506891,83865.5531568184,88254.2903677044,82338.7982853661,86438.445257404
Cyprus,CYP,32485.796875,28991.935546875,27797.45703125,27244.3515625,23487.228515625,24715.154296875,26696.990234375,29599.986328125,29703.052734375,28649.015625,33734.29296875
Czechia,CZE,22049.1080788682,20014.0354015165,20260.4954999375,20038.4163180257,17931.5987670768,18753.9686718096,20913.197632212,23705.9329811299,24062.7190013343,23472.8915454417,27696.4619527544
Germany,DEU,47646.582043143,44735.5882319701,47220.0102098851,48971.0824722599,41911.0109851054,42961.0356905775,45526.5999576533,48874.8595028454,47623.8656074829,47379.765194548,52265.6541620571
Djibouti,DJI,1306.34552844977,1400.19357858954,2074.29668941495,2208.67810285113,2376.12554719873,2510.4300076241,2618.95521147369,2718.0853229414,2837.17103336917,2881.99924450145,3019.69343880209
Dominica,DMA,7255.67210585964,7031.39987118111,7147.61954093518,7395.30259658718,7679.83293618857,8278.44768597003,7614.34028048137,8137.56520624242,9009.09011545429,7461.77933220095,8262.65091316727
Denmark,DNK,61809.737898222,58443.7747103968,61377.5940590412,62520.4509747011,53094.0133607574,54500.9260410217,57521.5514992225,61324.7665045565,59404.2663247723,60985.4885601514,69727.9873677012
Dominican Republic,DOM,5834.70590719826,6025.72582713231,6149.02748927076,6512.50771431953,6819.93225155181,7174.82349574,7499.69286187019,7934.98141208525,8164.22080932117,7162.29175242114,8472.47982000992
Algeria,DZA,5916.31364364343,6033.64884689543,5979.60138960585,6094.69392314956,4685.05902729002,4424.98529027556,4554.66753957828,4577.21029180491,4468.45341883656,3743.5419522929,4160.55926736925
East Asia & Pacific (excluding high income),EAP,4853.3853516549,5364.23069934233,5867.35466578774,6276.04217924336,6482.99315626888,6575.5250881796,7133.00005851308,7925.42476458248,8153.62140587102,8245.71521577714,9795.31938942758
Early-demographic dividend,EAR,3259.60808878841,3356.98183201305,3357.74475640532,3424.5502589261,3211.78012733143,3262.32001806648,3496.77164846492,3503.21320137921,3527.54327176522,3240.95150218079,3732.86849069467
East Asia & Pacific,EAS,8875.65549142235,9416.21589854877,9446.40916515236,9672.05856791833,9562.10616350756,9832.13036290931,10428.6321782284,11285.8972298534,11458.795842252,11464.1012855988,13117.3989864275
Europe & Central Asia (excluding high income),ECA,6762.3794711987,7072.25824676591,7646.12341259007,7272.88444788426,6282.67304098967,5977.23488835294,6111.81706371512,5952.35226461881,6020.75079545102,5733.53881172869,6623.50479025077
Europe & Central Asia,ECS,26241.0435104875,25165.1269344708,26175.7703214097,26425.7524782923,22657.3094941092,22476.2668798332,23755.738099932,25340.1536558293,24958.3859753607,24091.3416895738,27591.2437497041
Ecuador,ECU,5153.6916424375,5634.08393191094,6109.29031510341,6405.79979300441,5976.1596805651,5917.63771271481,6233.32244797718,6303.91892523596,6205.05759479761,5463.64509649315,6075.8026572556
"Egypt, Arab Rep.",EGY,2590.64384891965,2996.0677072015,3025.52563552448,3133.39102265541,3306.98159414141,3270.6287768197,2395.10333299491,2484.70315630508,2962.98892023003,3511.11381026379,3827.35415374308
Euro area,EMU,40651.6933402412,37558.5184564355,39109.1766026701,39926.3443427769,34415.6153549122,35178.8502697866,37181.1343044604,40068.5215464339,39217.3839966029,38241.5756519082,42978.8817916638
Eritrea,ERI,688.68165957684,,,,,,,,,,
Spain,ESP,31824.6219134777,28456.4438151477,29218.9105170888,29694.8874886229,25969.8383138327,26740.6851818829,28367.9392609439,30592.1264795541,29776.2011500384,27230.3599933583,30817.6828559001
Estonia,EST,17555.5455239426,17568.2137969714,19310.3874900757,20581.7898991695,17722.1557669523,18666.3736521706,20851.5223496861,23618.1361254581,24021.2501413306,23933.9939421065,27953.7670230126
Ethiopia,ETH,343.024942351887,452.101031885754,484.039833104062,549.986577082588,621.845673808133,696.195884706786,745.632449222154,747.968143637014,828.70897229725,905.313175805855,910.947840320752
European Union,EUU,36020.4863545784,33378.8274150555,34803.3461372357,35539.2020994967,30716.6295698647,31404.4306041117,33327.6674894487,36002.564051993,35341.5703329216,34635.4895902222,39180.3758426065
Fragile and conflict affected situations,FCS,2047.73072001973,2235.7997856716,2267.60404077018,2351.21273489301,1810.68930176888,1632.33745272851,1702.90845193168,1819.00302147749,1890.22006963616,1680.96884674984,1753.54775352624
Finland,FIN,51060.3242589767,47551.6740841369,49691.0145200739,50073.7760815871,42560.3456767103,43451.2562442158,46085.0174739036,49654.2497035329,48358.1807773701,48828.6846862799,53099.1351400148
Fiji,FJI,4139.60288609702,4341.40338748749,4572.44377544245,5293.35679137747,5097.53108832569,5363.79025590254,5826.84814087383,6085.41979209299,5950.82868635508,4844.42129036462,4696.17101880318
France,FRA,43929.7840873812,40863.5814412333,42669.1795111893,43148.0459288416,36702.4323733379,37024.2157133669,38687.1626407164,41418.1766484844,40408.2848574751,39169.8606000707,43725.0999521245
Faroe Islands,FRO,51618.9907766392,50261.9616267693,55758.2083680611,60172.0632541664,52635.0375463609,56875.2803813296,59384.9862077969,62524.0387361638,63064.6343127366,62236.0866558197,68736.505610554
"Micronesia, Fed. Sts.",FSM,2890.50493045368,3033.16989526369,2933.88333441237,2945.41495996162,2911.16211045292,2979.60119184048,3279.10779039285,3566.58690371125,3572.65918282222,3353.8894298388,3493.87228552999
Gabon,GAB,10219.1139339454,9296.96587941088,9197.70106323947,9201.36276648105,7047.12654634355,6677.07003901644,6921.73373135624,7624.2775233771,7441.1786472281,6605.80346077565,8181.40914134656
United Kingdom,GBR,42109.6418795749,42497.3404974322,43426.2981405143,47439.6165895125,44964.3911437292,40985.2351382417,40572.1214823783,43203.8141057739,42662.5353740311,40201.6812422928,46896.8662432834
Georgia,GEO,4119.66818307193,4530.69533409431,4712.00229382665,4830.33486170249,4086.6223465965,4143.40125686315,4418.75206546679,4804.0546040444,4741.2832715876,4300.85701291207,5083.60695484577
Ghana,GHA,1507.43573198753,1543.77524235764,2294.025645187,1953.64513603117,1721.69964380717,1913.18673253576,2012.97025750655,2196.61290615342,2186.18924111824,2196.54789313621,2445.50081810782
Gibraltar,GIB,,,,,,,,,,,
Guinea,GIN,636.694958747648,699.353377212197,748.455020824734,765.146999389279,747.356966759448,711.996509782316,833.598621691121,933.273615633705,1031.34146480732,1053.66097696415,1244.96550477914
"Gambia, The",GMB,710.608411468152,692.579361628102,653.862713272743,568.00453558864,619.536364296461,650.056501323611,642.522641296331,696.219806960615,738.186751987483,720.335143352133,781.890925169531
Guinea-Bissau,GNB,719.539573498937,635.461653303881,654.304534409417,652.022501029449,645.066837207039,679.665386626818,783.123186602022,808.531613218504,807.359903965493,817.780335749159,900.407780831491
Equatorial Guinea,GNQ,17198.2136668275,17308.5723924575,16304.0713196418,15548.6624656619,9068.91003238645,7453.19797948517,7809.10465655488,8102.47084834031,6804.14923073888,5764.05502912947,6945.63069794539
Greece,GRC,25504.7866510124,21624.346052551,21573.3449762805,21474.7257123892,17980.7298238137,17919.2426377048,18631.9930129293,19873.4015238771,19335.3602002969,17886.733165236,20654.7001960815
Grenada,GRD,6947.38136096464,7092.71985352677,7424.80212287327,7986.33421210788,8694.12438005692,9221.23461079424,9751.42661155932,10083.021279225,10462.7929159533,8968.55890108484,9622.24050459345
Greenland,GRL,47186.8759969388,45936.9562817724,47535.4883792376,50485.2244135291,44536.3549705377,48181.7453541266,50765.7494665372,54545.135857765,53309.2035905065,54693.0766804265,57116.295770722
Guatemala,GTM,3168.98370607705,3286.61959336267,3444.15971843874,3689.14472473545,3893.50521848131,4060.13755621218,4324.99607911366,4352.94651790253,4511.99755157656,4477.61761796418,4913.94712869347
Guam,GUM,29926.2052442913,31653.7506538168,32530.7593121483,33900.1486530583,35165.7014644795,35930.6594898711,36779.0078903909,37195.9503070464,39274.9431424899,36482.9363953675,38074.8793745801
Guyana,GUY,4947.22170589917,5444.39751913913,5556.91231156932,5472.68820452237,5640.41560569466,5870.87823759835,6178.6650437298,6048.38697180418,6405.82443444562,6775.70939096303,9860.87233445443
High income,HIC,38853.6505551505,38757.333549902,39073.8403373506,39502.0829505689,36650.4490056998,37140.5595822096,38873.8613987597,41180.3426854104,41457.3871652811,40262.8698752887,45229.2753341398
"Hong Kong SAR, China",HKG,35142.4879344543,36730.796195815,38403.7777145477,40315.3739510191,42432.1619740441,43734.1980702999,46160.429791493,48537.5668888343,48359.0011950597,46109.2299946609,49770.5642374739
Honduras,HND,2073.66121088074,2126.03474686503,2081.12843527945,2179.88171977271,2271.20265980349,2307.34468351082,2413.0076562942,2464.64241531918,2502.32744328073,2307.61494319511,2735.14751503977
Heavily indebted poor countries (HIPC),HPC,861.349226790284,868.154967280185,947.074489712364,974.252131612265,909.494352340789,893.010597521193,931.787880001889,968.18729528141,976.312547557857,959.181737577661,1040.03410722444
Croatia,HRV,14694.9993201417,13508.6836989693,14136.3967669505,14187.9694531493,12285.3032582105,12821.1738140304,13902.6310485422,15460.4183295843,15563.8167397199,14808.4620188819,17789.9304736722
Haiti,HTI,1312.03953552013,1361.39396587374,1457.83221179626,1460.18898613914,1411.12684746796,1318.40268167953,1395.23945184461,1496.38048970156,1352.17204191532,1290.32538667383,1835.44394078496
Hungary,HUN,14234.471576937,12984.8365730133,13715.0703590361,14294.2584180751,12717.038597002,13104.6995457458,14621.2395956755,16425.2050299693,16786.2136399075,16131.9540355923,18755.1023464312
IBRD only,IBD,5311.68710845423,5583.76223642553,5827.57315536311,5959.31801743295,5525.00490743408,5513.07715328885,6032.45731643701,6376.20637613021,6459.05649734705,6171.87965743072,7289.99204765957
IDA & IBRD total,IBT,4299.30668600632,4504.30020456011,4699.59848026348,4807.8107682246,4458.11083061724,4431.30440041701,4816.55669747848,5071.47780601742,5125.36118877249,4884.2624249805,5707.61064306399
IDA total,IDA,1219.25831669685,1257.6289139483,1340.12885949432,1413.48701723574,1346.69693190726,1313.25207885782,1354.977107485,1405.59717231873,1430.29036966118,1370.26257847044,1460.26675489479
IDA blend,IDB,1710.78560509619,1858.02047371817,1976.24837246876,2099.6785212584,1953.90145153229,1787.03439986924,1796.8728729754,1856.81876322366,1865.35605450935,1713.86457937643,1827.96310627066
Indonesia,IDN,3579.46442452684,3632.272540431,3566.60284506078,3441.06808455308,3288.22269737572,3521.46943456251,3798.88326177649,3860.95353077708,4106.94856173421,3853.70288778903,4287.17313989405
IDA only,IDX,968.34519375484,950.907162941154,1014.87983161624,1062.79330233719,1036.87089667356,1072.25258983136,1130.91814340942,1177.52764226474,1211.19958978076,1197.82655626131,1276.2327161945
Isle of Man,IMN,77808.8579649376,79329.2034347434,83207.6588430451,91885.4528718026,84753.5187422732,82025.9454509241,83481.3038489014,89393.8244248812,87127.5517977404,79513.5330346598,94299.969348965
India,IND,1445.46127486037,1429.32199520032,1432.84397512195,1553.88396075118,1583.99815907985,1707.50892912243,1950.10468280866,1966.25455171679,2041.42863698585,1907.04251637669,2239.61384367482
Not classified,INX,,,,,,,,,,,
Ireland,IRL,52692.7813135606,49411.7387476787,52619.2123745817,57278.2590911107,64311.8234684057,64292.659966313,72499.3268743015,81248.3135388,82508.4659883582,87567.1148972037,105561.137468992
"Iran, Islamic Rep.",IRN,8025.68743364356,8114.08099831877,6222.74194840326,5672.06372896319,4952.73355532178,5477.03712389913,5753.11544659399,4631.78709016514,3831.27894763337,2988.78122414716,4334.79268631354
Iraq,IRQ,5775.54229080293,6477.59618450955,6650.35282247395,6249.39226978969,4440.14189252367,4334.42096404188,4759.2846435467,5646.68932074742,5671.8568632942,4295.18945121228,4868.49431080783
Iceland,ISL,47714.5922308485,45995.5478789467,49804.9829978371,54576.7448146565,52951.6815110898,61987.9263620283,72010.1490316258,74452.1890731447,68452.23622306,59023.5663465778,69325.9078287926
Israel,ISR,34433.822610733,33236.5731239421,36929.6042163752,38230.4954049785,36123.9907881129,37556.6272863143,40997.9110240274,42233.2610344935,44140.8289372511,44679.7715799755,52255.6159050999
Italy,ITA,38851.3881339353,35235.7989058242,35747.707952689,35750.7197500382,30387.1293187854,31126.3246947273,32554.14668453,34746.3441392416,33812.788724868,32091.4866621366,36852.5425414951
Jamaica,JAM,5232.63644918132,5340.83333232158,5124.21301411137,4975.11326954633,5062.89556466908,5009.79450059092,5259.31334136812,5578.10346083169,5607.24300668501,4879.44024631319,5165.33780988607
Jordan,JOR,3946.85503855525,4169.50470054618,4311.21916713038,4191.18050084986,4042.75678097555,3986.71677010853,4065.61628749384,4145.43989673265,4170.1144003465,4022.0401356135,4183.49998326866
Japan,JPN,48760.0789494211,49145.2804308193,40898.6478964744,38475.3952461838,34960.6393843385,39375.4731620781,38834.0529341227,39751.1330982711,40415.9567649547,40040.7655055923,40058.5373276179
Kazakhstan,KAZ,11287.1464926039,12018.7966527993,13478.459627612,12427.7094576939,10196.1226255982,7475.56688689424,8943.08416791984,9472.48527327758,9457.12614657136,8781.50797787648,9983.60103576902
Kenya,KEN,1096.14499807675,1285.00536171512,1370.87885214659,1482.81566253497,1489.11959777284,1554.12610314423,1667.48447230835,1836.45275528993,1960.40808854893,1927.66459027849,2061.35622089594
Kyrgyz Republic,KGZ,1117.40184423062,1168.62244675446,1269.66303464348,1264.52679529608,1105.65202996955,1103.27498361324,1221.39056490366,1283.52040333083,1421.99927504102,1229.51775742135,1349.99730650542
Cambodia,KHM,1088.98152823081,1192.80263041673,1305.6600972686,1431.56396469993,1547.32010444393,1675.19555711109,1826.35391688754,2036.67377566578,2225.87705485686,2081.73914242939,2167.40324198499
Kiribati,KIR,1771.12894481248,1843.55346948038,1772.08706898092,1736.7053011433,1639.85274301496,1742.66812442095,1853.0511299437,1912.73798131035,1750.99750920482,1769.43211760217,2253.82500103057
St. Kitts and Nevis,KNA,17832.4572919975,17532.0559008608,18580.1301949935,20219.3954237956,20328.8003530109,21387.5415511103,22464.9899633959,22901.3816403197,23595.4923231291,18859.0190361046,18361.1449697886
"Korea, Rep.",KOR,25097.595426845,25459.1689000965,27179.5170146052,29252.9312377352,28737.4391706499,29280.4403170048,31600.7358741365,33447.1562836166,31902.4169048194,31721.2989141857,35125.5224984723
Kuwait,KWT,49169.6063983139,52155.2225460479,49651.0439709448,44368.781373043,29882.2126867068,27323.6890643847,29047.6535822842,32067.9623689512,31707.8737464917,25236.0755520534,34043.542153557
Latin America & Caribbean (excluding high income),LAC,9973.99471449255,9826.01988585737,9978.51358110554,9914.63937046348,8337.14599402852,8011.61015629879,8843.08534628217,8504.73822009602,8305.98946791718,6940.27896334688,7996.40776122081
Lao PDR,LAO,1361.54704394913,1563.5650771337,1812.51774424651,1981.03910900473,2121.01339097363,2303.22156035363,2432.43059478511,2545.1075420815,2589.32081035237,2583.77730696131,2526.05105018529
Lebanon,LBN,7834.96257108993,8406.98405608118,8162.37929361396,7577.6413302369,7714.1099998804,8089.012088155,8608.21084982387,9174.53666204759,8905.88005497437,5561.19166950397,4045.37391066234
Liberia,LBR,568.087865520004,638.368751462083,710.744570927863,706.714490064507,692.590082351257,714.613063145659,699.269095727404,692.203127129794,658.164180770507,616.787867006715,667.96610514319
Libya,LBY,7593.8391525702,14975.8902795144,11951.7134126011,8926.42074591474,7458.48917756374,7525.80299308216,9965.83236729757,11196.5854810844,9963.19489084483,6650.33810585348,4935.82787349801
St. Lucia,LCA,9128.99442011613,9260.30006551714,9576.23463377087,10044.8218377677,10334.9225558425,10638.1901982143,11333.1963940441,11642.7403185172,11794.2056521711,8411.19941821204,10459.1321248092
Latin America & Caribbean,LCN,10333.742702415,10344.625186318,10491.0812576738,10583.1936198566,8759.80639725635,8461.78546877733,9311.41109369302,9034.70781075095,8830.90045629057,7444.66073393848,8596.35588522419
Least developed countries: UN classification,LDC,900.510012779307,920.356744208064,978.737310473627,1028.07776350662,964.449793360221,958.174398065087,1024.16282643038,1065.22658037951,1097.76355049254,1081.79748199294,1153.75092851568
Low income,LIC,759.603634175631,699.373833339977,703.228181224633,734.426583108791,705.461511003203,633.70146846597,645.984738347678,654.345171301588,676.709800653852,651.453378446489,680.052723595917
Liechtenstein,LIE,158066.369379163,148842.035144342,172823.607794648,178735.153020908,167187.15730982,165375.491396259,170547.092298954,174988.775083446,166907.839305016,164671.093553454,196783.729414593
Sri Lanka,LKA,3224.95736331928,3327.77612404326,3740.61589348326,3971.91913148166,4060.13139670248,4149.76105454457,4401.05567045499,4360.58473469252,4082.69404871533,3846.17449566736,3999.33764677637
Lower middle income,LMC,1628.26623605523,1692.33125256858,1761.33745303126,1872.37394400472,1841.84526127088,1891.00255065343,2017.256137593,2076.456710545,2152.16187917576,2057.14629082262,2300.761243364
Low & middle income,LMY,3862.68305712244,4048.47846033862,4236.63227165432,4373.15629137736,4187.84406931518,4176.46750468353,4507.72590697511,4738.20340339937,4791.42088334726,4585.37575872202,5345.67919342271
Lesotho,LSO,1280.73390931581,1217.93071228944,1151.03735837227,1173.5377928819,1121.19851342518,992.491840678465,1069.36673247542,1170.65569702819,1082.05706777516,918.582577421982,1066.58645143823
Late-demographic dividend,LTE,7540.26925442879,8005.48648466589,8562.31597870335,8829.32167411182,8228.52190325449,8192.82724280848,9032.31848043335,9850.36115121356,9991.40401633086,9734.68959265356,11597.4855569831
Lithuania,LTU,14261.8433787325,14294.7178607152,15655.3513307327,16473.5678231709,14300.2553666736,14981.6208126311,16884.7100319318,19368.5391045353,19727.7607453736,20541.824988603,23934.728489916
Luxembourg,LUX,119025.057203467,112584.676270958,120000.140729859,123678.702143275,105462.012584423,106899.293549552,110193.213797228,116786.511654677,112726.439672814,116905.370396853,133711.794435985
Latvia,LVA,12902.574053337,13329.3499931271,14484.4715282132,15185.814581236,13321.9753140616,13838.5266823272,15132.4958333982,17252.1710428626,17294.9751600969,17564.2321549354,20262.8433862451
"Macao SAR, China",MAC,67041.2823092952,76051.6312325843,87069.767003344,88310.8119567344,70070.2918001631,69074.0363049212,77704.9215312666,83761.8171798142,81967.699172769,36976.2561071429,45376.314586156
St. Martin (French part),MAF,20930.5821177758,,,20638.7705882379,,,,,19033.0649634889,,21668.3776525323
Morocco,MAR,3301.98876953125,3164.17724609375,3379.7431640625,3435.40698242188,3146.24780273438,3140.85546875,3296.52661132813,3501.69799804688,3508.09765625,3268.0302734375,3785.93627929688
Monaco,MCO,179363.984221513,165444.651378771,184940.663804718,195693.570738894,170437.101188261,173604.753555915,170663.375247872,188298.315668437,193746.785647412,176891.886538492,223823.363960226
Moldova,MDA,2941.36224066021,3044.8084324815,3321.04397795719,3289.95758568777,2749.55137054338,2847.08794770479,3453.26727720294,4156.44981956646,4405.33418162155,4375.7788930524,5274.60582195352
Madagascar,MDG,506.163691559309,493.511162904211,515.301589361832,505.684922503435,445.320069480568,453.970714522463,491.866848718929,500.45718552916,499.818837622534,450.771615201509,490.206238571448
Maldives,MDV,7424.520410971,7461.29703686309,8236.08177944126,8939.07416571472,9644.90655028145,9947.80744731739,10509.628805812,11423.2838427029,11740.2724029785,7393.8886543933,10176.143882547
Middle East & North Africa,MEA,8379.04712965393,8823.39627549638,8500.60091633852,8372.74262763337,7228.30889534971,7156.79613508213,7340.26873932877,7732.44296580288,7590.75451796732,6650.85368826242,7801.40393400528
Mexico,MEX,10664.4944032313,10744.1335242686,11216.8008505428,11391.3773497683,10021.2386118827,9097.92397674769,9649.27816772402,10084.7937562021,10369.5553568761,8841.27075003163,10314.0506741437
Marshall Islands,MHL,3319.39815439151,3514.26515490383,3677.90690791421,3735.23977829545,3764.34426229508,4229.80988911945,4592.83457628576,4858.12079054875,5292.33985502306,5661.96787336674,6258.61193705127
Middle income,MIC,4182.81321400152,4398.51781287515,4610.54219718134,4763.02572364617,4565.92744572991,4566.49285052469,4939.46308269855,5202.51034300538,5267.9276273194,5049.55823705701,5906.22674978762
North Macedonia,MKD,5416.86672931659,5049.8265386157,5626.26115664893,5925.38592218015,5262.68671928674,5598.48622617967,5955.2973863451,6713.98925398989,6718.85826635458,6659.59651070776,7620.80296977508
Mali,MLI,789.06272549554,733.738935290444,758.475532598732,797.154510755732,704.821646439506,730.85493818079,775.536492065709,835.086710561793,820.197390833912,804.343956745857,862.467400106111
Malta,MLT,23516.9691249323,22878.313086001,25346.5236450477,27356.6080303021,25481.8977555627,26409.6285858968,30259.3952629768,33332.1905601302,32412.2697818499,31796.8213417258,38027.3801730893
Myanmar,MMR,1213.62898703376,1202.6658960055,1199.09561597055,1293.00042298704,1166.73305546288,1229.19713515893,1272.82241830603,1298.21310320785,1425.98954211903,1490.21683548367,1242.72134419599
Middle East & North Africa (excluding high income),MNA,4649.16166856547,4906.91313645694,4458.35527673203,4312.21641273822,3803.87110555447,3830.71300891916,3768.7597495354,3682.71025533449,3594.10876400589,3175.61706654976,3653.70376970852
Montenegro,MNE,7328.78943085498,6586.39970256684,7188.86361611271,7387.87296917548,6517.19267514764,7033.43962398373,7803.35824465203,8850.3749248372,8909.6538759126,7677.37132106817,9465.96153027794
Mongolia,MNG,3736.04201455077,4328.89001905655,4340.14310544449,4126.23975800524,3838.92126989984,3619.90026383792,3645.96708669551,4107.64288528468,4347.54610314873,4001.25193077703,4517.61578018785
Northern Mariana Islands,MNP,13598.7166094613,14013.6003306158,14632.8518897608,15945.417608954,17665.1007493109,24225.474169342,31225.6049960968,26509.3628379893,24496.6652122421,18220.8382427201,19455.50139424
Mozambique,MOZ,618.17649286789,685.685748199513,686.505672517351,697.142680444123,610.563774706589,441.489734819071,470.93856305196,517.507260258101,519.09255091362,462.433876479921,509.907829475551
Mauritania,MRT,1931.19975525465,1859.11733247641,1934.24103064714,1713.00865264234,1554.94897871782,1565.76575722696,1615.00401327323,1722.93528854073,1767.072710621,1795.76459566714,1947.78918383313
Mauritius,MUS,9197.04299089459,9291.23627601053,9764.64413060045,10366.3550754936,9507.87133656424,9965.72531085228,10841.6847754844,11643.4605962124,11403.2527870674,9011.04288445023,9068.97300226707
Malawi,MWI,763.061000394572,558.46208832772,496.947368267313,529.5133440206,539.605363240686,450.506105510719,495.769683367165,533.203173686705,580.889816066776,602.507478176106,617.447520802454
Malaysia,MYS,10217.1068585031,10600.5744240026,10713.6407638899,11013.3107334403,9648.6797937523,9476.53409809923,9862.54806612235,10901.8019954421,10920.191763972,9957.52626697613,10903.1116425938
North America,NAC,50289.1719473757,51881.4589732398,53341.4164237547,54877.6040655634,55702.089462785,56618.0479576143,58796.5168500385,61512.7212012788,63634.786103642,62271.1969150653,69382.1728474769
Namibia,NAM,5834.7917675794,5942.64680978673,5346.62131149967,5378.32326241205,4774.10650865775,4395.68776162376,5143.96072323076,5308.60813408705,4731.9210318831,3878.58982993966,4412.8355693052
New Caledonia,NCL,38835.9401851385,35559.5672006157,36671.1566752621,37816.9558599295,30858.7237060533,30782.8544433514,32354.7102832901,34902.8968780031,33411.3358835672,33270.330597637,35311.5543551452
Niger,NER,510.75956176268,528.510104469655,552.103334363117,565.30989731175,485.662574175279,502.706475406446,521.804130023434,578.568035680892,561.691304349698,579.512495758236,608.722439593808
Nigeria,NGA,2418.41316975875,2633.19734671361,2872.79083379398,3088.72131316169,2585.73360671797,2070.4127339595,1876.34027111773,2057.87944554011,2265.15520863056,2019.65706326224,2017.27486481527
Nicaragua,NIC,1679.71034177231,1784.69212752824,1835.43436443315,1958.36966453366,2074.45446460028,2131.68828465802,2182.61875100395,2035.16750115975,1958.62132892996,1931.61515811642,2128.60980633198
Netherlands,NLD,54701.7728030611,50473.9442002689,52602.2860520766,53457.2234864322,45793.8135434697,46808.5291492503,49513.6817346384,53955.0770024266,53554.9007491475,53467.9277413737,60141.9880911492
Norway,NOR,101221.813476644,102175.919298374,103553.840134417,97666.6951838749,74809.9658049898,70867.3609970749,76131.8384032764,82792.8427113304,76430.5889473338,68340.0181033702,93072.8925119571
Nepal,NPL,785.518656222132,788.202937148377,803.269595420477,821.455224911731,875.543635474862,877.256454696737,1034.28374906846,1179.19843190389,1203.14294706401,1154.21517578318,1252.75076731986
Nauru,NRU,6480.90451339597,9817.36872216004,8974.51886874433,9193.09784447237,7703.43149943923,8724.30700255019,9613.41209082575,11408.6947593898,10776.8284610316,10695.6993301601,14989.6647450751
New Zealand,NZL,38388.5280906616,39974.2997334925,42977.388040868,44578.2253868016,38639.3501941427,40070.8956577431,42913.186956185,43228.6976473771,42747.2099299966,41785.6922905898,49624.1816729553
OECD members,OED,37600.196426279,37325.2021922766,37624.0640382303,38167.820305509,35784.8705175556,36253.8002803221,37639.2781863476,39573.0447485009,39764.8216112273,38686.327403326,43133.7860734899
Oman,OMN,25188.0074151885,24642.2978768596,23458.0233840053,23160.6502252547,18808.3077921839,17110.1897460545,17820.0661809335,19901.7615642016,19180.1864152801,16784.8630630058,19403.4600160211
Other small states,OSS,12759.230536339,12547.69603025,12935.0786745544,13159.4093952693,11735.6880833152,12174.1574245522,13345.5544904233,14455.7757539518,14425.2470146907,13071.2236222876,15120.1040765783
Pakistan,PAK,1131.73513834324,1204.36475491585,1225.4340119198,1266.61340849959,1380.47020838317,1424.69161195897,1519.23459514248,1569.33814626355,1390.41690981745,1278.39735206896,1455.31922370186
Panama,PAN,9662.29592216607,11064.8063606203,12273.3225037637,13213.1989637473,14082.6548502728,14832.3611608191,15694.6297454295,16151.3273478476,16477.9066285687,13290.5608347594,15509.8069109784
Peru,PER,5861.35793645245,6519.37852981527,6746.80025696601,6667.13410360861,6231.71150338894,6217.03599995447,6736.16693725487,6978.49121548627,7037.00803692604,6133.32552410183,6826.9720069846
Philippines,PHL,2383.91892526787,2614.61644410764,2781.27957670473,2866.83803767919,2909.85818014474,2985.19564020101,3038.12124955619,3168.51036606257,3400.78949772302,3227.57910235199,3484.38593882819
Palau,PLW,11000.879522071,12145.3644807205,12768.9097206482,13726.0222622072,15690.7586522228,16762.5723436534,16034.1342914889,16197.7254546986,15841.1935329812,14556.5896891862,13257.2066721026
Papua New Guinea,PNG,2288.37591141234,2635.0873631547,2560.77458976327,2723.17529825196,2484.5963398603,2316.39479758492,2477.76530986323,2566.36833735041,2575.77274251891,2429.61134586681,2607.57861884395
Poland,POL,13867.6669408192,13087.420943321,13621.9023794031,14262.2841914116,12637.5220324406,12464.0110508476,13913.3402919927,15658.2120316794,15874.5220531254,15987.5753654045,18635.5104895754
Pre-demographic dividend,PRE,1569.07453638517,1656.47257454939,1764.45211574454,1816.54049000952,1501.73812551821,1300.83530095102,1320.99787807449,1432.1297922805,1469.63291800162,1313.17035996031,1404.30365764781
Puerto Rico,PRI,27278.8830499205,27944.7338937424,28513.1657351067,28981.4573305866,29763.4883013861,30627.1634017011,31108.7527508912,31615.0667918433,32916.866800639,31427.4291136799,32619.250416757
"Korea, Dem. People's Rep.",PRK,,,,,,,,,,,
Portugal,PRT,23246.5425416481,20593.4274224109,21676.4859642714,22120.6850127107,19215.7813014347,19980.2808866516,21442.3842768879,23541.1401075289,23343.3628970034,22299.4044062173,24711.4510062111
Paraguay,PRY,5805.40154543044,5642.1699167298,6435.68342733182,6652.25478942291,5879.33792308671,5775.1596339946,6152.26711537703,6258.44991640954,5821.18199548637,5365.47220721191,5976.9317978996
West Bank and Gaza,PSE,2880.79843707909,3067.43872735614,3315.29753909282,3352.11259506043,3272.15432360708,3527.61382413178,3620.36048715937,3562.33094270256,3656.85827137011,3233.56863835858,3678.63565662194
Pacific island small states,PSS,3341.48828136858,3494.91244207853,3586.99115572964,3847.34192203401,3710.01234754574,3844.35513216019,4097.0009326156,4245.78718413539,4170.32118081193,3666.59898132535,3638.30140671833
Post-demographic dividend,PST,42607.6628380994,42350.2886484502,42626.330455677,43293.4983124527,40778.3409479148,41527.3663304955,43153.6162371413,45562.8677932304,45916.4122663126,44858.1104615819,49980.4043268261
French Polynesia,PYF,22831.5185348524,20846.5457478364,21955.6329264095,22258.6321384251,19166.9594761931,19690.0775734589,20826.9312492172,21925.616043938,21582.5892046801,20746.2720428286,21982.9038942614
Qatar,QAT,103261.506539346,108470.378825036,103697.008372373,95840.6310094498,68985.2946961507,61253.6375482797,63279.8556949332,71039.8490579352,66841.3013472693,51683.5054353851,71751.8831234838
Romania,ROU,9560.6755277458,8929.95366231474,9497.67411615237,10031.7710755404,8977.01748158196,9404.54005870715,10727.9822007426,12502.2624061935,12992.0326104674,13082.3006559554,14986.7854904274
Russian Federation,RUS,14305.33203125,15401.8515625,15941.4482421875,14055.47265625,9277.7138671875,8663.158203125,10658.9130859375,11211.8876953125,11447.701171875,10108.3271484375,12521.5224609375
Rwanda,RWA,651.133677964662,706.817317494399,704.924190167572,724.957521209377,733.998585018273,729.519154199595,758.301002985965,771.773521962568,810.051420243718,778.701538550324,828.833032800998
South Asia,SAS,1351.50258776305,1352.07296472777,1370.08841115039,1479.96637029096,1528.46685971348,1663.62030739425,1874.9491911349,1907.38178097978,1952.01340084598,1843.19527438293,2131.30229648282
Saudi Arabia,SAU,26966.2941648251,28348.5730107499,27290.1978052614,27079.6733871148,22453.571552265,21515.6600083775,23081.2045336558,28036.0264674095,27892.8421521179,23271.4037647084,28396.0864182336
Sudan,SDN,1332.6572265625,1019.22210693359,1138.62780761719,1275.43835449219,1292.37963867188,1033.21594238281,966.505676269531,731.027465820313,709.975280761719,577.795227050781,712.122009277344
Senegal,SEN,1374.67591873844,1326.83798848379,1379.83196553924,1398.89137601382,1218.00613555438,1266.43957151587,1356.80518449031,1452.55612562445,1431.18128932159,1461.08720350553,1598.10676952274
Singapore,SGP,53891.4570264372,55547.5553077786,56967.4257940383,57564.8023114977,55645.6068614606,56899.9181805173,61162.0973932771,66840.6373389791,66081.7199235165,61466.803676358,79601.4129622433
Solomon Islands,SLB,1924.05277323978,2066.25352289833,2161.39573596215,2164.9442392168,2045.47889485251,2082.62989047871,2143.57465243959,2278.20633913383,2223.66502559565,2063.33101522108,1996.86976779348
Sierra Leone,SLE,718.161680687537,904.840762004552,1146.4163912665,1140.92742266148,945.148168480629,838.631615328371,788.486867334833,845.914540460932,843.71251730417,845.313836261458,885.184270659578
El Salvador,SLV,3330.60049486653,3497.91256915509,3582.26694005169,3666.01248913873,3790.34089108162,3901.34014965811,4020.12671373919,4183.54620971358,4320.11671534627,3997.19279583709,4642.60743101342
San Marino,SMR,55601.3929703047,47945.8991734281,50807.8289138024,51260.4938347125,43146.8240435428,44359.4797662688,45192.0279766943,47950.6880557136,46627.0122356944,44426.6463400658,54168.9828262684
Somalia,SOM,235.325945610434,350.261946720969,393.398704973003,429.431656017709,445.583078625015,460.928491979039,510.939952988052,509.525802439801,539.893931565468,518.184778494176,549.114743546859
Serbia,SRB,7082.2861666075,6263.04086072815,7040.41812068781,6886.67809068704,5820.3215576888,5982.37030126471,6548.03653824187,7559.86165747394,7755.632986437,8098.70955668849,9680.52798074468
Sub-Saharan Africa (excluding high income),SSA,1770.93355288195,1790.5380975987,1851.42579422784,1878.73871460579,1627.66404278518,1445.51408493923,1535.06887591976,1604.66374694771,1610.17142040812,1472.99671243066,1612.77003780241
South Sudan,SSD,1448.98435006408,1109.26050083408,1650.18943353528,1242.73450181032,1080.14718624765,,,,,,
Sub-Saharan Africa,SSF,1771.91673814938,1791.52362904208,1852.62697522306,1879.95713710403,1628.91285742916,1446.87390976779,1536.48268492506,1606.1313576289,1611.67363549653,1474.05531054261,1613.8768603775
Small states,SST,11198.9995772564,11149.6078319649,11440.0449192309,11677.6587312097,10690.6175098911,10942.7122470745,11875.6287573479,12723.981268455,12739.8388742478,11381.557900564,13092.4975736111
Sao Tome and Principe,STP,1219.80189089671,1210.79264672325,1382.5757842916,1489.67633417608,1298.10946596396,1434.87018050521,1555.79477812888,1825.59971753966,1935.2931816596,2167.22001796925,2362.58827248102
Suriname,SUR,7949.88867218383,8851.24050668908,9043.19281529222,9108.18905406764,8813.61705392067,5644.2061057532,6049.52128553675,6665.74180472239,6629.66775248603,4755.39221710693,5029.84838543953
Slovak Republic,SVK,18469.4354316836,17516.9691054078,18312.7805149823,18770.9289896545,16442.0760860018,16636.0769133073,17645.5298716761,19573.3717031314,19406.0589683582,19735.4858280801,22138.1949833348
Slovenia,SVN,24940.6284841605,22442.1417859955,23236.9655321695,24013.0682060959,20697.2748530619,21447.8377796036,23303.077705959,25888.0481065655,25814.1687167572,25392.0651093612,29187.369382785
Sweden,SWE,60379.7748160321,57749.8251328664,60844.2767113975,59583.7140001673,51197.9529341175,51820.3972482676,53300.8587281785,54181.9069780904,51773.0464558993,52653.7565934247,61174.9680215622
Eswatini,SWZ,4312.34243414155,4347.99569336631,3910.0639762073,3740.69277623691,3393.53367834668,3223.92004062357,3831.42595273032,3986.10557163026,3894.32951592818,3442.3216527415,3926.48687364215
Sint Maarten (Dutch part),SXM,27317.5178881974,28149.0997855041,28529.7324687053,37134.912423099,37839.6283815163,37308.6147795736,34701.3058494468,31708.3110124742,34861.469528968,30150.8998380477,32548.4366854902
Seychelles,SYC,12110.0937461973,12337.1554669388,14821.2921476077,15188.1902175113,15333.1051727105,16566.9946042294,17480.3651911372,18440.2340460932,19141.5118743615,14041.4754074575,14982.9111487767
Syrian Arab Republic,SYR,2952.14349372257,1897.66115018696,985.892669227054,1060.59105886854,847.731631942565,656.3490586313,851.502005254153,1098.0668642357,1109.53926036049,572.355289831901,663.614245706815
Turks and Caicos Islands,TCA,23626.7133501913,22633.9527500233,22412.2069354887,23996.2910128388,25736.101625461,26946.4178520162,25779.6122366146,27160.1579568902,27273.4376992357,17452.6578046047,23114.7902123091
Chad,TCD,954.316872911808,936.141444963822,946.129583097771,982.527563074226,747.588448455507,668.078636142918,640.117048532702,695.642393675941,678.142035723965,622.095543396442,660.747192555507
East Asia & Pacific (IDA & IBRD countries),TEA,4909.30156743948,5425.75299693559,5934.33756176803,6347.42096914922,6556.49872551757,6649.86735991736,7213.3607178978,8014.49766251885,8245.10161071216,8338.13776036985,9905.15440355218
Europe & Central Asia (IDA & IBRD countries),TEC,10016.5610218821,10406.9546977795,10951.2240872194,10293.7203442319,8001.11229243002,7649.90665844729,8555.47638597094,8884.71291375979,9027.50709505223,8443.06159084581,10010.7744146786
Togo,TGO,783.989380490906,762.392047587088,826.543259457126,855.585284856656,751.052405084336,772.581787093976,792.765487219069,851.130806891807,826.260654099894,853.578220263722,939.613373786407
Thailand,THA,5373.6232832898,5725.52802835463,6018.08244729255,5801.1978916205,5688.85335397884,5833.57715617098,6413.09182530343,7099.77650081458,7605.69657797759,6985.64393892574,7058.0694998852
Tajikistan,TJK,833.601978202852,952.452819695469,1028.19704279396,1081.54402932039,956.916310930656,788.710481734485,829.45714764957,834.288404578801,871.022372934846,834.311715460625,896.748053372182
Turkmenistan,TKM,5143.61929334647,6053.8748468749,6599.64529055481,7164.14536184006,5759.497903834,5686.98040962764,5828.4816623489,6125.05169712085,6648.0348960628,6592.60146027748,7051.20211079213
Latin America & the Caribbean (IDA & IBRD countries),TLA,10277.121218157,10277.9055625547,10420.6445319996,10507.1454660865,8617.55291183431,8302.17434243113,9165.48671951323,8877.72299219367,8654.86209465818,7240.56006051251,8382.65451574502
Timor-Leste,TLS,939.045241112693,1022.61903188429,1204.56841532931,1224.74957758801,1319.59297370991,1335.54390089814,1266.17767952941,1219.46598597604,1562.36458881813,1630.86935439232,2684.82704373402
Middle East & North Africa (IDA & IBRD countries),TMN,4668.63183526322,4927.28576533117,4471.07414613341,4322.94916352776,3809.84668165081,3834.13658237327,3770.44041543684,3684.084605003,3593.38666747385,3174.94415084122,3653.41158751434
Tonga,TON,3849.99370811237,4384.17058321549,4219.24659467526,4136.59013792529,4123.90323993332,3987.98626206287,4365.92932788383,4638.89774268789,4676.84790348236,4700.44932800575,4912.57950603175
South Asia (IDA & IBRD),TSA,1351.50258776305,1352.07296472777,1370.08841115039,1479.96637029096,1528.46685971348,1663.62030739425,1874.9491911349,1907.38178097978,1952.01340084598,1843.19527438293,2131.30229648282
Sub-Saharan Africa (IDA & IBRD countries),TSS,1771.91673814938,1791.52362904208,1852.62697522306,1879.95713710403,1628.91285742916,1446.87390976779,1536.48268492506,1606.1313576289,1611.67363549653,1474.05531054261,1613.8768603775
Trinidad and Tobago,TTO,19151.0870229722,20472.3574298508,21416.3660842916,22074.4263087858,20024.754663902,17521.8007525013,17720.4972365332,18076.3565550233,17431.0269266696,15224.5083495616,17912.5106245714
Tunisia,TUN,4420.64772206537,4297.26782454273,4369.79345826358,4458.97895464547,4014.94773686432,3847.80354448809,3619.03247319953,3628.10366464236,3528.87213306798,3548.65363663803,3885.28166485296
Turkiye,TUR,11300.7852215681,11713.2849831139,12578.1878632,12165.220135038,11049.9951100942,10970.0458948862,10695.550196231,9568.83506330228,9215.44049888114,8638.73903848102,9743.21277804855
Tuvalu,TUV,3636.08139989792,3598.46163091053,3510.21640142483,3528.85858102782,3357.83417700071,3808.69755015909,4165.66338700106,4466.12034928245,5115.13075950206,4976.11254109571,5905.08198095343
Tanzania,TZA,775.392761230469,861.969909667969,963.05712890625,1022.74841308594,939.127319335938,953.0107421875,986.674011230469,1023.10626220703,1063.32250976563,1117.41528320313,1159.85656738281
Uganda,UGA,835.620060555838,795.222867553127,818.285427416713,896.054795546394,862.934610355811,752.696571725656,765.218332297361,792.16570022814,822.057058189153,845.766463890124,882.791717542504
Ukraine,UKR,3656.69799804688,3951.34228515625,4129.89697265625,3054.908203125,2094.47387695313,2158.46118164063,2604.28759765625,3059.0517578125,3619.86157226563,3709.76928710938,4775.94580078125
Upper middle income,UMC,6729.08192697918,7116.07953497976,7491.42655163405,7707.02210284114,7359.58786997586,7329.37631094226,7976.99720572276,8473.68198859219,8551.4409621973,8228.64336599657,9770.29069696583
Uruguay,URY,15132.2675725587,16259.5940814256,18335.2594772322,18322.4276767157,17125.9016800298,17009.7586944503,19184.6626659717,19249.9401532664,18315.7352857194,15789.6857422214,17888.211510172
United States,USA,50065.9789470675,51784.4114692048,53409.7507774372,55304.3155317137,57040.2082136605,58206.6141931844,60322.2614241747,63201.0458483771,65604.6815198734,64411.3731779373,71318.3073592183
Uzbekistan,UZB,2087.86386135694,2307.34649117185,2461.97947403595,2674.9628382103,2803.19018021751,2753.37951427589,2190.60411562888,1813.08530813664,2041.38480729431,1978.28051860763,2258.51964119278
St. Vincent and the Grenadines,VCT,6527.68996854448,6713.80768643865,7072.46737188939,7168.82875342911,7353.73556054184,7656.90042881178,7988.04445019298,8428.12677153069,8743.33202133753,8395.09988902412,8481.30537359541
"Venezuela, RB",VEN,10843.9229703167,12901.4171582274,12403.1466957582,15943.6127197163,,,,,,,
British Virgin Islands,VGB,,,,,,,,,,,
Virgin Islands (U.S.),VIR,38997.1373164651,37795.3192590675,34597.9766940328,33045.3643795999,34007.3529411765,35324.9748874586,35365.0693039774,36663.2087550584,38633.5298915336,39787.3741650202,42571.0777368471
Viet Nam,VNM,1950.92504174913,2185.11767654291,2359.51736472828,2546.38464459903,2577.56885340113,2735.0604380416,2956.10992127753,3222.31003125366,3440.90025375434,3534.03953482647,3704.1935590038
Vanuatu,VUT,3163.1861645138,3004.78416664293,2979.79608084399,2967.70667006774,2746.59171880997,2869.9996909076,3159.92716050347,3206.68930842127,3207.44650452083,3042.98711598286,3107.20312858002
World,WLD,10454.237868762,10550.1381274389,10718.5230812784,10881.3308259096,10142.1434788123,10188.260064838,10731.6554708352,11288.8842617304,11334.8430932207,10916.687666264,12352.73608496
Samoa,WSM,3821.50678264479,3934.60320799981,4023.5254013825,3982.68080202084,4084.36083819933,4147.07097674888,4307.59381964907,4231.81409469194,4351.94234943706,4099.6600907147,3947.64517905415
Kosovo,XKX,3538.94759838576,3410.65550749316,3704.55872781672,3902.49424360946,3520.62850699375,3759.44959067104,4009.31799347588,4384.18624084947,4415.99716107514,4310.88824737367,5270.42670206205
"Yemen, Rep.",YEM,1186.47500581215,1245.05068272078,1378.75002954928,1430.16420964026,1362.17379435676,975.359406696353,811.165963877611,633.887206000087,623.376164898164,559.564672794182,522.173512705812
South Africa,ZAF,8646.05571071635,8076.97678479741,7331.65467384919,6856.73137092522,6112.27382485974,5651.20585165749,6618.33508255701,6914.1780318076,6533.71121032856,5580.60383075189,6843.39941886204
Zambia,ZMB,1624.86817763443,1710.05061343728,1820.71854827391,1707.48573136694,1295.87788680068,1239.08527877713,1483.46577328065,1463.89997855593,1258.98619844462,951.644316655957,1127.16077872857
Zimbabwe,ZWE,1037.25491018154,1238.60109002194,1362.30066802685,1372.21278071456,1386.42284717709,1407.41536437554,3448.08253696926,2271.8533351306,1684.02790388182,1730.41348946953,1724.38773104902
